{
  "0": {
    "id": "0",
    "minioId": "demo/1764645233-mockuptest.pdf",
    "name": "mockuptest.pdf",
    "size": "Unknown",
    "date": "Dec 01, 2025",
    "hash": "35dfd3a583b79c6562972264e88f310f142e1b7327a540a066971d81d087c700",
    "aiStatus": "Queued",
    "verificationStatus": "Verified",
    "type": "file",
    "category": "demo",
    "summary": "No summary available.",
    "validity": "N/A",
    "url": "",
    "deleted": false
  },
  "1": {
    "id": "1",
    "minioId": "docs/1764645576-35dfd3a5.pdf",
    "name": "mockuptest.pdf",
    "size": "Unknown",
    "date": "Dec 01, 2025",
    "hash": "35dfd3a583b79c6562972264e88f310f142e1b7327a540a066971d81d087c700",
    "aiStatus": "Queued",
    "verificationStatus": "Verified",
    "type": "file",
    "category": "unknown",
    "summary": "No summary available.",
    "validity": "N/A",
    "url": "",
    "deleted": false
  },
  "10": {
    "id": "10",
    "minioId": "docs/1764648931-f2cab61b.pdf",
    "name": "document.pdf",
    "size": "Unknown",
    "date": "Dec 02, 2025",
    "hash": "f2cab61b76b1fc3174c187e12340e86027c7542485ecfcdea26dccfc33481061",
    "aiStatus": "Queued",
    "verificationStatus": "Verified",
    "type": "file",
    "category": "NewDoc",
    "summary": "No summary available.",
    "validity": "N/A",
    "url": "",
    "deleted": false
  },
  "11": {
    "id": "11",
    "minioId": "docs/1764648973-eb0cf577.pdf",
    "name": "W3.pdf",
    "size": "Unknown",
    "date": "Dec 02, 2025",
    "hash": "eb0cf577701b4145e573861cceb9a9061908d7aa4f36ad0464462089e3aabaf9",
    "aiStatus": "Queued",
    "verificationStatus": "Verified",
    "type": "file",
    "category": "NewDoc",
    "summary": "No summary available.",
    "validity": "N/A",
    "url": "",
    "deleted": false
  },
  "12": {
    "id": "12",
    "minioId": "docs/1764649180-cf3910ee.pdf",
    "name": "NASA Space Apps Challenge.pdf",
    "size": "Unknown",
    "date": "Dec 02, 2025",
    "hash": "cf3910eeda0cc7bba97dc4a69b688f1a360cc0f73320eb5e301545dc59d61a1c",
    "aiStatus": "Queued",
    "verificationStatus": "Verified",
    "type": "file",
    "category": "Certificado",
    "summary": "No summary available.",
    "validity": "N/A",
    "url": "",
    "deleted": false
  },
  "13": {
    "id": "13",
    "minioId": "docs/1764649180-cf3910ee.pdf",
    "name": "NASA Space Apps Challenge.pdf",
    "size": "Unknown",
    "date": "Dec 02, 2025",
    "hash": "cf3910eeda0cc7bba97dc4a69b688f1a360cc0f73320eb5e301545dc59d61a1c",
    "aiStatus": "Queued",
    "verificationStatus": "Verified",
    "type": "file",
    "category": "Certificado",
    "summary": "No summary available.",
    "validity": "N/A",
    "url": "",
    "deleted": false
  },
  "14": {
    "id": "14",
    "minioId": "docs/1764649808-402465a9.pdf",
    "name": "TOPICO A .pdf",
    "size": "Unknown",
    "date": "Dec 02, 2025",
    "hash": "402465a9925fe032f4eb309326b7892c35c9ad04e6adce3fffa91b252a835a3e",
    "aiStatus": "Queued",
    "verificationStatus": "Verified",
    "type": "file",
    "category": "Doc",
    "summary": "No summary available.",
    "validity": "N/A",
    "url": "",
    "deleted": false
  },
  "15": {
    "id": "15",
    "minioId": "docs/1764649848-402465a9.pdf",
    "name": "TOPICO A .pdf",
    "size": "Unknown",
    "date": "Dec 02, 2025",
    "hash": "402465a9925fe032f4eb309326b7892c35c9ad04e6adce3fffa91b252a835a3e",
    "aiStatus": "Queued",
    "verificationStatus": "Verified",
    "type": "file",
    "category": "Doc",
    "summary": "No summary available.",
    "validity": "N/A",
    "url": "",
    "deleted": false
  },
  "16": {
    "id": "16",
    "minioId": "docs/1764649896-402465a9.pdf",
    "name": "TOPICO A .pdf",
    "size": "Unknown",
    "date": "Dec 02, 2025",
    "hash": "402465a9925fe032f4eb309326b7892c35c9ad04e6adce3fffa91b252a835a3e",
    "aiStatus": "Queued",
    "verificationStatus": "Verified",
    "type": "file",
    "category": "Papeleo",
    "summary": "No summary available.",
    "validity": "N/A",
    "url": "",
    "deleted": false
  },
  "17": {
    "id": "17",
    "minioId": "docs/1764700359-644a0ed8.pdf",
    "name": "W4.pdf",
    "size": "Unknown",
    "date": "Dec 02, 2025",
    "hash": "644a0ed8de1bdf495625ab9b987dfd3a45fdfec6bb552730147cf4191f25cbf3",
    "aiStatus": "Queued",
    "verificationStatus": "Verified",
    "type": "file",
    "category": "Tarea",
    "summary": "No summary available.",
    "validity": "N/A",
    "url": "",
    "deleted": false
  },
  "18": {
    "id": "18",
    "minioId": "docs/1764700359-644a0ed8.pdf",
    "name": "W4.pdf",
    "size": "Unknown",
    "date": "Dec 02, 2025",
    "hash": "644a0ed8de1bdf495625ab9b987dfd3a45fdfec6bb552730147cf4191f25cbf3",
    "aiStatus": "Queued",
    "verificationStatus": "Verified",
    "type": "file",
    "category": "Tarea",
    "summary": "No summary available.",
    "validity": "N/A",
    "url": "",
    "deleted": false
  },
  "19": {
    "id": "19",
    "minioId": "docs/1765429802-00ea8936.pdf",
    "name": "Encuestas.docx.pdf",
    "size": "Unknown",
    "date": "Dec 11, 2025",
    "hash": "00ea8936f5c0642e64985b5a9a1358e8b767b8d8ef3def42dcc974bf61319ef4",
    "aiStatus": "Queued",
    "verificationStatus": "Verified",
    "type": "file",
    "category": "Document, General, Pending Review",
    "summary": "No summary available.",
    "validity": "N/A",
    "url": "",
    "deleted": false
  },
  "2": {
    "id": "2",
    "minioId": "docs/1764646740-64a3a8b8.pdf",
    "name": "machines-09-00302.pdf",
    "size": "Unknown",
    "date": "Dec 01, 2025",
    "hash": "64a3a8b808fbc9e9d247a934c6eb45b9f3b28b441879cb8afd8e859af9642d9e",
    "aiStatus": "Queued",
    "verificationStatus": "Verified",
    "type": "file",
    "category": "Work",
    "summary": "No summary available.",
    "validity": "N/A",
    "url": "",
    "deleted": false
  },
  "20": {
    "id": "20",
    "minioId": "docs/1765431966-6ee064b3.pdf",
    "name": "w5.pdf",
    "size": "Unknown",
    "date": "Dec 11, 2025",
    "hash": "6ee064b3328421880042180c2930edad4c2a199692346877a00517542f193e09",
    "aiStatus": "Queued",
    "verificationStatus": "Verified",
    "type": "pdf",
    "category": "Document, General, Pending Review",
    "summary": "No summary available.",
    "validity": "N/A",
    "url": "http://127.0.0.1:9000/token/docs/1765431966-6ee064b3.pdf?X-Amz-Algorithm=AWS4-HMAC-SHA256\u0026X-Amz-Credential=admin%2F20251211%2Fus-east-1%2Fs3%2Faws4_request\u0026X-Amz-Date=20251211T054617Z\u0026X-Amz-Expires=3600\u0026X-Amz-SignedHeaders=host\u0026X-Amz-Signature=42af3768c53f0d4e1d9235369b7facc149a4e700d39185e92f8287059a210fc3",
    "deleted": false
  },
  "21": {
    "id": "21",
    "minioId": "docs/1765433110-6a35047c.pdf",
    "name": "w9.pdf",
    "size": "Unknown",
    "date": "Dec 11, 2025",
    "hash": "6a35047c194486613469d9998895b8bb6a81c3964e2c75b998eff1afaeca2790",
    "aiStatus": "Processed",
    "verificationStatus": "Verified",
    "type": "pdf",
    "category": "Técnico",
    "summary": "Análisis detallado de un código de sistemas operativos relacionado con tiempos de búsqueda, rotación y transferencia en discos. Se presentan diferentes casos y se comparan los resultados al cambiar la tasa de búsqueda. Se analiza la eficacia de los planificadores de tiempo de búsqueda SSTF y SATF en diferentes flujos de solicitudes.",
    "validity": "N/A",
    "url": "http://127.0.0.1:9000/token/docs/1765433110-6a35047c.pdf?X-Amz-Algorithm=AWS4-HMAC-SHA256\u0026X-Amz-Credential=admin%2F20251211%2Fus-east-1%2Fs3%2Faws4_request\u0026X-Amz-Date=20251211T060527Z\u0026X-Amz-Expires=3600\u0026X-Amz-SignedHeaders=host\u0026X-Amz-Signature=355062b592fd84502b14796721ffbf4a4592fda07f3fa3d14cf90675b2339a66",
    "deleted": false
  },
  "22": {
    "id": "22",
    "minioId": "docs/1765481628-1f47d5c4.pdf",
    "name": "W10.pdf",
    "size": "Unknown",
    "date": "Dec 11, 2025",
    "hash": "1f47d5c4ba082f7e572529f78bdcfeca5714644f4a0ec0c3ff3a998bd0f8d47f",
    "aiStatus": "Processed",
    "verificationStatus": "Verified",
    "type": "pdf",
    "category": "Técnico",
    "summary": "Análisis detallado de un documento relacionado con sistemas operativos, system calls y operaciones de archivos en Linux. Se abordan temas como identificación de system calls, metadatos de archivos, simulación de comandos, eficiencia en lectura de archivos y trazado de ejecución.",
    "validity": "N/A",
    "url": "http://127.0.0.1:9000/token/docs/1765481628-1f47d5c4.pdf?X-Amz-Algorithm=AWS4-HMAC-SHA256\u0026X-Amz-Credential=admin%2F20251211%2Fus-east-1%2Fs3%2Faws4_request\u0026X-Amz-Date=20251211T193558Z\u0026X-Amz-Expires=3600\u0026X-Amz-SignedHeaders=host\u0026X-Amz-Signature=5c9d7bd95d9dc7a92107213a3b537362843cdcb3d48284d15735348851e592de",
    "deleted": false
  },
  "23": {
    "id": "23",
    "minioId": "docs/1765517620-4009c01d.pdf",
    "name": "innovacion.pdf",
    "size": "Unknown",
    "date": "Dec 12, 2025",
    "hash": "4009c01d1c97c8985cda9f6082ce65177360c55619486e4a4c980d56ff7bd249",
    "aiStatus": "Processed",
    "verificationStatus": "Verified",
    "type": "pdf",
    "category": "Académico",
    "summary": "El documento proporciona apuntes sobre el Eje 1, conceptualizando la creatividad, identificando obstáculos y mitos, relacionándola con el cerebro y los tipos de pensamiento, y presentando métodos para desarrollarla.",
    "validity": "N/A",
    "url": "https://ixfiawsbekmxmqghsssh.storage.supabase.co/storage/v1/s3/docs/docs/1765517620-4009c01d.pdf?X-Amz-Algorithm=AWS4-HMAC-SHA256\u0026X-Amz-Credential=606629bd792a4b64f2490ad62f2d08e0%2F20251212%2Fus-west-2%2Fs3%2Faws4_request\u0026X-Amz-Date=20251212T053401Z\u0026X-Amz-Expires=3600\u0026X-Amz-SignedHeaders=host\u0026X-Amz-Signature=475a291498eb038f1327d1af8add9fff7a3f2819e9349d89d4c24a890124afd5",
    "deleted": false
  },
  "3": {
    "id": "3",
    "minioId": "docs/1764646851-64a3a8b8.pdf",
    "name": "machines-09-00302.pdf",
    "size": "Unknown",
    "date": "Dec 01, 2025",
    "hash": "64a3a8b808fbc9e9d247a934c6eb45b9f3b28b441879cb8afd8e859af9642d9e",
    "aiStatus": "Queued",
    "verificationStatus": "Verified",
    "type": "file",
    "category": "Work",
    "summary": "No summary available.",
    "validity": "N/A",
    "url": "",
    "deleted": false
  },
  "4": {
    "id": "4",
    "minioId": "docs/1764647024-6ee064b3.pdf",
    "name": "w5.pdf",
    "size": "Unknown",
    "date": "Dec 01, 2025",
    "hash": "6ee064b3328421880042180c2930edad4c2a199692346877a00517542f193e09",
    "aiStatus": "Queued",
    "verificationStatus": "Verified",
    "type": "file",
    "category": "Work",
    "summary": "No summary available.",
    "validity": "N/A",
    "url": "",
    "deleted": false
  },
  "5": {
    "id": "5",
    "minioId": "docs/1764647024-6ee064b3.pdf",
    "name": "w5.pdf",
    "size": "Unknown",
    "date": "Dec 01, 2025",
    "hash": "6ee064b3328421880042180c2930edad4c2a199692346877a00517542f193e09",
    "aiStatus": "Queued",
    "verificationStatus": "Verified",
    "type": "file",
    "category": "Work",
    "summary": "No summary available.",
    "validity": "N/A",
    "url": "",
    "deleted": false
  },
  "6": {
    "id": "6",
    "minioId": "docs/1764647389-f2cab61b.pdf",
    "name": "document.pdf",
    "size": "Unknown",
    "date": "Dec 01, 2025",
    "hash": "f2cab61b76b1fc3174c187e12340e86027c7542485ecfcdea26dccfc33481061",
    "aiStatus": "Queued",
    "verificationStatus": "Verified",
    "type": "file",
    "category": "Doc",
    "summary": "No summary available.",
    "validity": "N/A",
    "url": "",
    "deleted": false
  },
  "7": {
    "id": "7",
    "minioId": "docs/1764647421-f2cab61b.pdf",
    "name": "document.pdf",
    "size": "Unknown",
    "date": "Dec 01, 2025",
    "hash": "f2cab61b76b1fc3174c187e12340e86027c7542485ecfcdea26dccfc33481061",
    "aiStatus": "Queued",
    "verificationStatus": "Verified",
    "type": "file",
    "category": "Doc",
    "summary": "No summary available.",
    "validity": "N/A",
    "url": "",
    "deleted": false
  },
  "8": {
    "id": "8",
    "minioId": "docs/1764647781-35dfd3a5.pdf",
    "name": "mockuptest.pdf",
    "size": "Unknown",
    "date": "Dec 01, 2025",
    "hash": "35dfd3a583b79c6562972264e88f310f142e1b7327a540a066971d81d087c700",
    "aiStatus": "Queued",
    "verificationStatus": "Verified",
    "type": "file",
    "category": "unknown",
    "summary": "No summary available.",
    "validity": "N/A",
    "url": "",
    "deleted": false
  },
  "9": {
    "id": "9",
    "minioId": "demo/1764648676-mockuptest.pdf",
    "name": "mockuptest.pdf",
    "size": "Unknown",
    "date": "Dec 02, 2025",
    "hash": "35dfd3a583b79c6562972264e88f310f142e1b7327a540a066971d81d087c700",
    "aiStatus": "Queued",
    "verificationStatus": "Verified",
    "type": "file",
    "category": "demo",
    "summary": "No summary available.",
    "validity": "N/A",
    "url": "",
    "deleted": false
  }
}